time,seconds_elapsed,z,y,x
1675434277857759700,0.187759765625,3.9919281005859375,8.222137451171875,-0.6202850341796875
1675434277867708400,0.19770849609375,4.048187255859375,8.296371459960938,-0.5855712890625
1675434277877596200,0.20759619140625,4.11163330078125,8.290374755859375,-0.5616302490234375
1675434277887484000,0.21748388671875,4.14874267578125,8.314315795898438,-0.56640625
1675434277897371600,0.22737158203125,4.169097900390625,8.299957275390625,-0.611907958984375
1675434277907259400,0.23725927734375,4.128387451171875,8.305938720703125,-0.6322479248046875
1675434277917147000,0.24714697265625,4.0338134765625,8.329879760742188,-0.5891571044921875
1675434277927034600,0.25703466796875,4.026641845703125,8.344253540039062,-0.5149383544921875
1675434277936922400,0.26692236328125,4.1044464111328125,8.325088500976562,-0.4862060546875
1675434277946810000,0.27681005859375,4.149932861328125,8.274810791015625,-0.5161285400390625
1675434277956697900,0.28669775390625,4.1367645263671875,8.268829345703125,-0.5412750244140625
1675434277966616000,0.296615966796875,4.0817108154296875,8.249679565429688,-0.6226806640625
1675434277976503600,0.306503662109375,4.0709381103515625,8.216156005859375,-0.645416259765625
1675434277986391300,0.316391357421875,4.07452392578125,8.223342895507812,-0.6370391845703125
1675434277996279000,0.326279052734375,4.0996551513671875,8.292770385742188,-0.5460662841796875
1675434278006166800,0.336166748046875,4.1511383056640625,8.402908325195312,-0.4311370849609375
1675434278016054500,0.346054443359375,4.1511383056640625,8.386154174804688,-0.450286865234375
1675434278025942000,0.35594189453125,4.0673370361328125,8.30474853515625,-0.465850830078125
1675434278035829800,0.365829833984375,4.054168701171875,8.228134155273438,-0.5149383544921875
1675434278045717500,0.375717529296875,4.026641845703125,8.155105590820312,-0.6717529296875
1675434278055605200,0.385605224609375,3.99432373046875,8.165878295898438,-0.8010406494140625
1675434278065493000,0.395492919921875,3.9763641357421875,8.237701416015625,-0.8477325439453125
1675434278075411200,0.4054111328125,3.964385986328125,8.271224975585938,-0.7950592041015625
1675434278085299000,0.415298828125,3.9129180908203125,8.28558349609375,-0.64422607421875
1675434278095186400,0.4251865234375,3.9404449462890625,8.302352905273438,-0.517333984375
1675434278105074200,0.43507421875,4.0098724365234375,8.37298583984375,-0.469451904296875
1675434278114962000,0.4449619140625,4.0936737060546875,8.386154174804688,-0.4143829345703125
1675434278124849700,0.454849609375,4.08648681640625,8.35382080078125,-0.385650634765625
1675434278134737400,0.4647373046875,4.1080474853515625,8.33587646484375,-0.3628997802734375
1675434278144625000,0.474625,4.1523284912109375,8.281997680664062,-0.4251556396484375
1675434278154512600,0.4845126953125,4.2253570556640625,8.2520751953125,-0.5520477294921875
1675434278164430800,0.494430908203125,4.1619110107421875,8.241302490234375,-0.676544189453125
1675434278174318600,0.504318603515625,4.1140289306640625,8.24609375,-0.723236083984375
1675434278184206300,0.514206298828125,4.08648681640625,8.24609375,-0.6741485595703125
1675434278194094000,0.524093994140625,4.0936737060546875,8.271224975585938,-0.5855712890625
1675434278203981600,0.533981689453125,4.131988525390625,8.31072998046875,-0.5233154296875
1675434278213869300,0.543869384765625,4.1044464111328125,8.317916870117188,-0.490997314453125
1675434278223757000,0.553757080078125,4.0876922607421875,8.322708129882812,-0.4490966796875
1675434278233644800,0.563644775390625,4.1523284912109375,8.303543090820312,-0.3772735595703125
1675434278243532500,0.573532470703125,4.1954345703125,8.292770385742188,-0.395233154296875
1675434278253420000,0.583419921875,4.2349395751953125,8.272415161132812,-0.447906494140625
1675434278263338500,0.59333837890625,4.2672576904296875,8.276016235351562,-0.502960205078125
1675434278273226000,0.60322607421875,4.301971435546875,8.255661010742188,-0.528106689453125
1675434278283113700,0.61311376953125,4.28521728515625,8.234115600585938,-0.5269012451171875
1675434278293001500,0.62300146484375,4.2445068359375,8.24847412109375,-0.528106689453125
1675434278302889200,0.63288916015625,4.227752685546875,8.26763916015625,-0.592742919921875
1675434278312777000,0.64277685546875,4.2516937255859375,8.284393310546875,-0.6059112548828125
1675434278322664400,0.65266455078125,4.2253570556640625,8.297561645507812,-0.6143035888671875
1675434278332552200,0.66255224609375,4.17626953125,8.235305786132812,-0.529296875
1675434278342440000,0.67243994140625,4.190643310546875,8.192214965820312,-0.50775146484375
1675434278352358100,0.682358154296875,4.1451568603515625,8.16827392578125,-0.5269012451171875
1675434278362246000,0.692245849609375,4.0829010009765625,8.207778930664062,-0.5987396240234375
1675434278372133600,0.702133544921875,4.0517730712890625,8.254470825195312,-0.628662109375
1675434278382021000,0.712021240234375,4.048187255859375,8.256866455078125,-0.5628204345703125
1675434278391908900,0.721908935546875,4.0517730712890625,8.276016235351562,-0.4886016845703125
1675434278401796600,0.731796630859375,4.03143310546875,8.284393310546875,-0.485015869140625
1675434278411684400,0.741684326171875,4.042205810546875,8.276016235351562,-0.4407196044921875
1675434278421572000,0.751572021484375,4.054168701171875,8.286788940429688,-0.4191741943359375
1675434278431459600,0.76145947265625,4.052978515625,8.2640380859375,-0.4143829345703125
1675434278441347300,0.771347412109375,4.0960693359375,8.26763916015625,-0.444305419921875
1675434278451265500,0.781265625,4.131988525390625,8.280807495117188,-0.475433349609375
1675434278461153300,0.7911533203125,4.128387451171875,8.284393310546875,-0.512542724609375
1675434278471041000,0.801041015625,4.164306640625,8.283203125,-0.534088134765625
1675434278480928800,0.8109287109375,4.2421112060546875,8.286788940429688,-0.5568389892578125
1675434278490816500,0.82081640625,4.2157745361328125,8.247283935546875,-0.57598876953125
1675434278500704000,0.8307041015625,4.258880615234375,8.238906860351562,-0.57000732421875
1675434278510591700,0.840591796875,4.275634765625,8.241302490234375,-0.554443359375
1675434278520479500,0.8504794921875,4.24810791015625,8.241302490234375,-0.5616302490234375
1675434278530367200,0.8603671875,4.21697998046875,8.24847412109375,-0.53887939453125
1675434278540255000,0.8702548828125,4.1702880859375,8.266433715820312,-0.512542724609375
1675434278550173200,0.880173095703125,4.1583251953125,8.24249267578125,-0.4921875
1675434278560060700,0.890060791015625,4.1355743408203125,8.188629150390625,-0.496978759765625
1675434278569948400,0.899948486328125,4.143951416015625,8.201797485351562,-0.5424652099609375
1675434278579836200,0.909836181640625,4.190643310546875,8.206588745117188,-0.559234619140625
1675434278589724000,0.919723876953125,4.21697998046875,8.218551635742188,-0.5305023193359375
1675434278599611600,0.929611572265625,4.1822662353515625,8.208969116210938,-0.4610748291015625
1675434278609499100,0.9394990234375,4.1774749755859375,8.231719970703125,-0.4048004150390625
1675434278619387000,0.949386962890625,4.2050018310546875,8.231719970703125,-0.422760009765625
1675434278629274600,0.959274658203125,4.1738739013671875,8.24249267578125,-0.4095916748046875
1675434278639192800,0.96919287109375,4.2157745361328125,8.228134155273438,-0.3820648193359375
1675434278649080600,0.97908056640625,4.25408935546875,8.216156005859375,-0.385650634765625
1675434278658968300,0.98896826171875,4.317535400390625,8.232925415039062,-0.4000091552734375
1675434278668856000,0.99885595703125,4.337890625,8.197006225585938,-0.47064208984375
1675434278678743600,1.00874365234375,4.3426666259765625,8.191024780273438,-0.517333984375
1675434278688631300,1.01863134765625,4.307952880859375,8.169479370117188,-0.5604248046875
1675434278698519000,1.02851904296875,4.2672576904296875,8.175460815429688,-0.6107025146484375
1675434278708406800,1.03840673828125,4.286407470703125,8.187423706054688,-0.611907958984375
1675434278718325000,1.048324951171875,4.2899932861328125,8.19940185546875,-0.5891571044921875
1675434278728212700,1.058212646484375,4.3091583251953125,8.19940185546875,-0.571197509765625
1675434278738100200,1.068100341796875,4.2816162109375,8.216156005859375,-0.47662353515625
1675434278747988000,1.077988037109375,4.2576751708984375,8.223342895507812,-0.4048004150390625
1675434278757875700,1.087875732421875,4.274444580078125,8.229324340820312,-0.3868408203125
1675434278767763500,1.097763427734375,4.3091583251953125,8.261642456054688,-0.4191741943359375
1675434278777651200,1.107651123046875,4.2421112060546875,8.225738525390625,-0.410797119140625
1675434278787538700,1.11753857421875,4.1786651611328125,8.212570190429688,-0.4622650146484375
1675434278797426400,1.127426513671875,4.1786651611328125,8.20538330078125,-0.5197296142578125
1675434278807314200,1.137314208984375,4.1619110107421875,8.181442260742188,-0.5137481689453125
1675434278817202000,1.147201904296875,4.2205657958984375,8.186233520507812,-0.5137481689453125
1675434278827120000,1.1571201171875,4.2265472412109375,8.17425537109375,-0.5053558349609375
1675434278837008000,1.1670078125,4.2301483154296875,8.200592041015625,-0.4682464599609375
1675434278846895600,1.1768955078125,4.227752685546875,8.188629150390625,-0.4622650146484375
1675434278856783000,1.186783203125,4.1930389404296875,8.173065185546875,-0.47662353515625
1675434278866670800,1.1966708984375,4.24810791015625,8.19342041015625,-0.45867919921875
1675434278876558600,1.20655859375,4.3199310302734375,8.1778564453125,-0.4347381591796875
1675434278886446300,1.2164462890625,4.3510589599609375,8.19342041015625,-0.422760009765625
1675434278896334000,1.226333984375,4.3055572509765625,8.216156005859375,-0.4000091552734375
1675434278906221600,1.2362216796875,4.3366851806640625,8.235305786132812,-0.3305816650390625
1675434278916109300,1.246109375,4.3570404052734375,8.23651123046875,-0.311431884765625
1675434278926027500,1.256027587890625,4.3534393310546875,8.1778564453125,-0.3293914794921875
1675434278935915300,1.265915283203125,4.33428955078125,8.170669555664062,-0.4155731201171875
1675434278945803000,1.275802978515625,4.3414764404296875,8.176651000976562,-0.4862060546875
1675434278955690800,1.285690673828125,4.413299560546875,8.114410400390625,-0.5616302490234375
1675434278965578200,1.295578125,4.39654541015625,8.076095581054688,-0.5939483642578125
1675434278975466000,1.305466064453125,4.311553955078125,8.114410400390625,-0.6226806640625
1675434278985353700,1.315353759765625,4.311553955078125,8.213760375976562,-0.5460662841796875
1675434278995241500,1.325241455078125,4.33428955078125,8.232925415039062,-0.416778564453125
1675434279005129200,1.335129150390625,4.375,8.173065185546875,-0.3246002197265625
1675434279015017000,1.345016845703125,4.438446044921875,8.139541625976562,-0.294677734375
1675434279024935200,1.35493505859375,4.487518310546875,8.091659545898438,-0.35333251953125
1675434279034822700,1.36482275390625,4.44561767578125,8.073699951171875,-0.4610748291015625
1675434279044680000,1.374679931640625,4.301971435546875,8.092864990234375,-0.559234619140625
1675434279054537200,1.384537109375,4.2624664306640625,8.134750366210938,-0.617889404296875
1675434279064455400,1.394455322265625,4.3067626953125,8.15869140625,-0.590362548828125
1675434279074343000,1.404343017578125,4.3187255859375,8.129974365234375,-0.4790191650390625
1675434279084230700,1.414230712890625,4.26605224609375,8.145523071289062,-0.41796875
1675434279094118400,1.424118408203125,4.2349395751953125,8.200592041015625,-0.326995849609375
1675434279104006100,1.434006103515625,4.3726043701171875,8.219757080078125,-0.2922821044921875
1675434279113924400,1.44392431640625,4.47674560546875,8.2269287109375,-0.2623443603515625
1675434279123812000,1.45381201171875,4.5473785400390625,8.1898193359375,-0.268341064453125
1675434279133669000,1.463669189453125,4.528228759765625,8.155105590820312,-0.3461456298828125
1675434279143556900,1.473556884765625,4.486328125,8.138351440429688,-0.481414794921875
1675434279153475000,1.48347509765625,4.461181640625,8.141937255859375,-0.5520477294921875
1675434279163362800,1.49336279296875,4.4575958251953125,8.108413696289062,-0.5520477294921875
1675434279173250600,1.50325048828125,4.3809814453125,8.134750366210938,-0.50775146484375
1675434279183138300,1.51313818359375,4.35943603515625,8.167083740234375,-0.4718475341796875
1675434279193025800,1.52302587890625,4.3630218505859375,8.173065185546875,-0.360504150390625
1675434279202944000,1.532944091796875,4.4587860107421875,8.16827392578125,-0.257568359375
1675434279212831700,1.542831787109375,4.5162506103515625,8.188629150390625,-0.2659454345703125
1675434279222719500,1.552719482421875,4.543792724609375,8.212570190429688,-0.306640625
1675434279232607200,1.562607177734375,4.47076416015625,8.210174560546875,-0.3449554443359375
1675434279242495000,1.572494873046875,4.3414764404296875,8.19580078125,-0.364105224609375
1675434279252382500,1.582382568359375,4.270843505859375,8.164688110351562,-0.3736724853515625
1675434279262270200,1.592270263671875,4.333099365234375,8.151519775390625,-0.43951416015625
1675434279272158000,1.602157958984375,4.3247222900390625,8.170669555664062,-0.5197296142578125
1675434279282045700,1.612045654296875,4.274444580078125,8.146728515625,-0.559234619140625
1675434279291933400,1.621933349609375,4.2564849853515625,8.165878295898438,-0.53289794921875
1675434279301851600,1.6318515625,4.2445068359375,8.204193115234375,-0.4874114990234375
1675434279311739100,1.6417392578125,4.26605224609375,8.159896850585938,-0.3784637451171875
1675434279321627000,1.651626953125,4.337890625,8.12158203125,-0.370086669921875
1675434279331514600,1.6615146484375,4.366607666015625,8.10601806640625,-0.4119873046875
1675434279341402400,1.67140234375,4.34027099609375,8.138351440429688,-0.45867919921875
1675434279351290000,1.6812900390625,4.2528839111328125,8.141937255859375,-0.50775146484375
1675434279361177900,1.691177734375,4.280426025390625,8.128768920898438,-0.500579833984375
1675434279371065300,1.7010654296875,4.3091583251953125,8.123977661132812,-0.4921875
1675434279380953000,1.710953125,4.2612762451171875,8.138351440429688,-0.39044189453125
1675434279390871300,1.720871337890625,4.258880615234375,8.164688110351562,-0.2755126953125
1675434279400759000,1.730759033203125,4.3151397705078125,8.197006225585938,-0.2767181396484375
1675434279410646800,1.740646728515625,4.39654541015625,8.191024780273438,-0.3030548095703125
1675434279420534500,1.750534423828125,4.471954345703125,8.173065185546875,-0.3305816650390625
1675434279430422000,1.760422119140625,4.543792724609375,8.167083740234375,-0.395233154296875
1675434279440309800,1.770309814453125,4.5294189453125,8.186233520507812,-0.4790191650390625
1675434279450197500,1.780197509765625,4.487518310546875,8.173065185546875,-0.5269012451171875
1675434279460085200,1.790085205078125,4.412109375,8.164688110351562,-0.5316925048828125
1675434279469973000,1.799972900390625,4.3845672607421875,8.141937255859375,-0.4490966796875
1675434279479891200,1.80989111328125,4.44561767578125,8.149124145507812,-0.3988189697265625
1675434279489778700,1.81977880859375,4.428863525390625,8.164688110351562,-0.4119873046875
1675434279499666400,1.82966650390625,4.4049224853515625,8.163482666015625,-0.450286865234375
1675434279509554200,1.83955419921875,4.375,8.129974365234375,-0.4095916748046875
1675434279519442000,1.84944189453125,4.3103485107421875,8.129974365234375,-0.385650634765625
1675434279529329700,1.85932958984375,4.286407470703125,8.135955810546875,-0.36529541015625
1675434279539217400,1.869217529296875,4.2828216552734375,8.157501220703125,-0.3676910400390625
1675434279549105000,1.87910498046875,4.276824951171875,8.15869140625,-0.39642333984375
1675434279558992600,1.88899267578125,4.3259124755859375,8.143142700195312,-0.380859375
1675434279568880400,1.89888037109375,4.2947845458984375,8.159896850585938,-0.348541259765625
1675434279578798600,1.908798583984375,4.3043670654296875,8.16827392578125,-0.3461456298828125
1675434279588686300,1.918686279296875,4.3474578857421875,8.17425537109375,-0.3569183349609375
1675434279598574000,1.928573974609375,4.3678131103515625,8.149124145507812,-0.450286865234375
1675434279608461600,1.938461669921875,4.3737945556640625,8.127578735351562,-0.5197296142578125
1675434279618349300,1.948349365234375,4.3737945556640625,8.1156005859375,-0.4826202392578125
1675434279628237000,1.958237060546875,4.375,8.122787475585938,-0.438323974609375
1675434279638124800,1.968124755859375,4.3881683349609375,8.151519775390625,-0.3736724853515625
1675434279648012500,1.978012451171875,4.4623870849609375,8.161087036132812,-0.3521270751953125
1675434279657900000,1.987900146484375,4.471954345703125,8.167083740234375,-0.39642333984375
1675434279667787800,1.997787841796875,4.4683685302734375,8.169479370117188,-0.428741455078125
1675434279677675500,2.007675537109375,4.419281005859375,8.147918701171875,-0.42755126953125
1675434279687593700,2.01759375,4.3773956298828125,8.16229248046875,-0.3724822998046875
1675434279697481500,2.0274814453125,4.348663330078125,8.150314331054688,-0.3353729248046875
1675434279707369200,2.037369140625,4.382171630859375,8.13116455078125,-0.323394775390625
1675434279717256700,2.047256591796875,4.4216766357421875,8.150314331054688,-0.331787109375
1675434279727144400,2.05714453125,4.366607666015625,8.139541625976562,-0.3497314453125
1675434279737032200,2.0670322265625,4.3953399658203125,8.157501220703125,-0.364105224609375
1675434279746920000,2.076919921875,4.40850830078125,8.169479370117188,-0.413177490234375
1675434279756807700,2.0868076171875,4.3737945556640625,8.1407470703125,-0.413177490234375
1675434279766695400,2.0966953125,4.354644775390625,8.141937255859375,-0.43353271484375
1675434279776613600,2.106613525390625,4.364227294921875,8.134750366210938,-0.4526824951171875
1675434279786501000,2.116501220703125,4.37139892578125,8.15869140625,-0.43951416015625
1675434279796388900,2.126388916015625,4.3833770751953125,8.134750366210938,-0.4251556396484375
1675434279806276600,2.136276611328125,4.3630218505859375,8.126373291015625,-0.4036102294921875
1675434279816164400,2.146164306640625,4.3630218505859375,8.1407470703125,-0.3928375244140625
1675434279826052000,2.156052001953125,4.4252777099609375,8.175460815429688,-0.3832550048828125
1675434279835939600,2.165939697265625,4.424072265625,8.141937255859375,-0.3569183349609375
1675434279845827300,2.175827392578125,4.4264678955078125,8.119186401367188,-0.3341827392578125
1675434279855715000,2.185715087890625,4.4300537109375,8.17425537109375,-0.3509368896484375
1675434279865633300,2.19563330078125,4.4216766357421875,8.146728515625,-0.3676910400390625
1675434279875521000,2.20552099609375,4.422882080078125,8.150314331054688,-0.3832550048828125
1675434279885408800,2.21540869140625,4.4061126708984375,8.187423706054688,-0.370086669921875
1675434279895296300,2.225296142578125,4.3785858154296875,8.204193115234375,-0.3868408203125
1675434279905184000,2.23518408203125,4.337890625,8.164688110351562,-0.354522705078125
1675434279915071700,2.24507177734375,4.317535400390625,8.141937255859375,-0.338958740234375
1675434279924959500,2.25495947265625,4.345062255859375,8.145523071289062,-0.3365631103515625
1675434279934847200,2.26484716796875,4.413299560546875,8.1156005859375,-0.3461456298828125
1675434279944735000,2.27473486328125,4.4001312255859375,8.059341430664062,-0.3748779296875
1675434279954622500,2.28462255859375,4.354644775390625,8.06292724609375,-0.475433349609375
1675434279964540700,2.294540771484375,4.3678131103515625,8.191024780273438,-0.4790191650390625
1675434279974428400,2.304428466796875,4.4097137451171875,8.283203125,-0.4143829345703125
1675434279984316200,2.314316162109375,4.4097137451171875,8.19940185546875,-0.321014404296875
1675434279994204000,2.324203857421875,4.3247222900390625,8.101242065429688,-0.295867919921875
1675434280004091600,2.334091552734375,4.2564849853515625,8.06890869140625,-0.3413543701171875
1675434280013979100,2.343979248046875,4.25408935546875,8.036590576171875,-0.4251556396484375
1675434280023867000,2.353866943359375,4.3151397705078125,8.049758911132812,-0.4993743896484375
1675434280033754600,2.363754638671875,4.3462677001953125,8.110809326171875,-0.5209197998046875
1675434280043642400,2.373642333984375,4.3570404052734375,8.16827392578125,-0.5089569091796875
1675434280053560600,2.383560546875,4.382171630859375,8.107223510742188,-0.4419097900390625
1675434280063448300,2.3934482421875,4.43963623046875,8.109619140625,-0.376068115234375
1675434280073335800,2.403335693359375,4.456390380859375,8.175460815429688,-0.3497314453125
1675434280083223600,2.4132236328125,4.4671783447265625,8.198196411132812,-0.306640625
1675434280093111300,2.423111328125,4.4791412353515625,8.224533081054688,-0.2084808349609375
1675434280102999000,2.4329990234375,4.4791412353515625,8.164688110351562,-0.2288360595703125
1675434280112886800,2.44288671875,4.465972900390625,8.146728515625,-0.2707366943359375
1675434280122774500,2.4527744140625,4.4408416748046875,8.194610595703125,-0.3030548095703125
1675434280132662000,2.462662109375,4.454010009765625,8.192214965820312,-0.332977294921875
1675434280142549800,2.4725498046875,4.4049224853515625,8.170669555664062,-0.3724822998046875
1675434280152468000,2.482468017578125,4.3989410400390625,8.165878295898438,-0.4084014892578125
1675434280162355700,2.492355712890625,4.4145050048828125,8.090469360351562,-0.3377685546875
1675434280172243500,2.502243408203125,4.4168853759765625,8.117996215820312,-0.321014404296875
1675434280182131200,2.512131103515625,4.4372406005859375,8.175460815429688,-0.3365631103515625
1675434280192018700,2.522018798828125,4.3881683349609375,8.206588745117188,-0.3138275146484375
1675434280201906400,2.531906494140625,4.3414764404296875,8.210174560546875,-0.2731170654296875
1675434280211794200,2.541794189453125,4.337890625,8.175460815429688,-0.27911376953125
1675434280221682000,2.551681884765625,4.366607666015625,8.147918701171875,-0.2755126953125
1675434280231600000,2.56160009765625,4.3726043701171875,8.161087036132812,-0.243194580078125
1675434280241488000,2.57148779296875,4.40252685546875,8.17425537109375,-0.2611541748046875
1675434280251375400,2.581375244140625,4.4923095703125,8.165878295898438,-0.3042449951171875
1675434280261263000,2.59126318359375,4.4958953857421875,8.138351440429688,-0.3557281494140625
1675434280271150800,2.60115087890625,4.4480133056640625,8.114410400390625,-0.422760009765625
1675434280281038600,2.61103857421875,4.375,8.182632446289062,-0.4574737548828125
1675434280290926300,2.62092626953125,4.32830810546875,8.23052978515625,-0.413177490234375
1675434280300814000,2.63081396484375,4.354644775390625,8.122787475585938,-0.34375
1675434280310701600,2.64070166015625,4.4001312255859375,8.052154541015625,-0.36529541015625
1675434280320589300,2.65058935546875,4.3845672607421875,8.0413818359375,-0.395233154296875
1675434280330477000,2.66047705078125,4.3941497802734375,8.110809326171875,-0.401214599609375
1675434280340395300,2.670395263671875,4.4372406005859375,8.15631103515625,-0.3748779296875
1675434280350283000,2.680282958984375,4.4145050048828125,8.13116455078125,-0.3138275146484375
1675434280360170800,2.690170654296875,4.4324493408203125,8.170669555664062,-0.2503814697265625
1675434280370058200,2.700058349609375,4.40252685546875,8.170669555664062,-0.221649169921875
1675434280379946000,2.709946044921875,4.3582305908203125,8.159896850585938,-0.2240447998046875
1675434280389833700,2.719833740234375,4.3737945556640625,8.164688110351562,-0.29107666015625
1675434280399721500,2.729721435546875,4.40850830078125,8.155105590820312,-0.3461456298828125
1675434280409609200,2.739609130859375,4.4216766357421875,8.146728515625,-0.3868408203125
1675434280419496700,2.74949658203125,4.4372406005859375,8.1527099609375,-0.4036102294921875
1675434280429384400,2.759384521484375,4.465972900390625,8.16229248046875,-0.3832550048828125
1675434280439302700,2.769302734375,4.4360504150390625,8.171859741210938,-0.368896484375
1675434280449190400,2.7791904296875,4.39056396484375,8.179046630859375,-0.3557281494140625
1675434280459078100,2.789078125,4.366607666015625,8.198196411132812,-0.348541259765625
1675434280468966000,2.7989658203125,4.3582305908203125,8.191024780273438,-0.311431884765625
1675434280478853600,2.808853515625,4.450408935546875,8.151519775390625,-0.301849365234375
1675434280488741000,2.8187412109375,4.68743896484375,8.122787475585938,-0.3617095947265625
1675434280498628900,2.82862890625,4.8382720947265625,8.092864990234375,-0.342559814453125
1675434280508516600,2.8385166015625,4.6491241455078125,8.101242065429688,-0.29705810546875
1675434280518434800,2.848434814453125,4.4360504150390625,8.1898193359375,-0.26953125
1675434280528322600,2.858322509765625,4.227752685546875,8.229324340820312,-0.2815093994140625
1675434280538210300,2.868210205078125,4.112823486328125,8.186233520507812,-0.29705810546875
1675434280548097800,2.878097900390625,4.1822662353515625,8.187423706054688,-0.3509368896484375
1675434280557985500,2.887985595703125,4.30078125,8.132354736328125,-0.379669189453125
1675434280567873300,2.897873291015625,4.348663330078125,8.117996215820312,-0.306640625
1675434280577761000,2.907760986328125,4.391754150390625,8.1407470703125,-0.32220458984375
1675434280587648800,2.917648681640625,4.39654541015625,8.1778564453125,-0.358123779296875
1675434280597536300,2.927536376953125,4.3474578857421875,8.210174560546875,-0.379669189453125
1675434280607424000,2.937424072265625,4.1774749755859375,8.202987670898438,-0.2826995849609375
1675434280617311700,2.947311767578125,4.0984649658203125,8.171859741210938,-0.170166015625
1675434280627230000,2.95722998046875,4.0410003662109375,8.216156005859375,-0.1773529052734375
1675434280637117700,2.96711767578125,3.9919281005859375,8.253265380859375,-0.249176025390625
1675434280647005400,2.97700537109375,3.989532470703125,8.2269287109375,-0.2180633544921875
1675434280656893200,2.98689306640625,4.0565643310546875,8.167083740234375,-0.2755126953125
1675434280666780700,2.99678076171875,4.0888824462890625,8.143142700195312,-0.3736724853515625
1675434280676668400,3.00666845703125,4.1032562255859375,8.147918701171875,-0.4790191650390625
1675434280686556200,3.01655615234375,4.0769195556640625,8.138351440429688,-0.465850830078125
1675434280696444000,3.02644384765625,4.1152191162109375,8.126373291015625,-0.432342529296875
1675434280706331600,3.03633154296875,4.1834564208984375,8.133560180664062,-0.379669189453125
1675434280716219100,3.04621923828125,4.2720489501953125,8.159896850585938,-0.360504150390625
1675434280726137300,3.056137451171875,4.34027099609375,8.200592041015625,-0.3724822998046875
1675434280736025000,3.066025146484375,4.4097137451171875,8.197006225585938,-0.332977294921875
1675434280745912800,3.075912841796875,4.47076416015625,8.185028076171875,-0.2635498046875
1675434280755800600,3.085800537109375,4.5294189453125,8.1527099609375,-0.289886474609375
1675434280765688300,3.095688232421875,4.555755615234375,8.16827392578125,-0.3006591796875
1675434280775575800,3.105575927734375,4.5593414306640625,8.169479370117188,-0.3497314453125
1675434280785463600,3.115463623046875,4.5593414306640625,8.127578735351562,-0.3868408203125
1675434280795351300,3.125351318359375,4.5306243896484375,8.1036376953125,-0.407196044921875
1675434280805239000,3.135239013671875,4.4923095703125,8.112014770507812,-0.3868408203125
1675434280815157200,3.1451572265625,4.412109375,8.113204956054688,-0.35931396484375
1675434280825045000,3.155044921875,4.4001312255859375,8.146728515625,-0.348541259765625
1675434280834932700,3.1649326171875,4.3845672607421875,8.171859741210938,-0.3126220703125
1675434280844820200,3.1748203125,4.354644775390625,8.181442260742188,-0.2838897705078125
1675434280854708000,3.1847080078125,4.35943603515625,8.219757080078125,-0.268341064453125
1675434280864595700,3.194595703125,4.3570404052734375,8.218551635742188,-0.2767181396484375
1675434280874483500,3.2044833984375,4.3247222900390625,8.186233520507812,-0.2611541748046875
1675434280884371200,3.21437109375,4.286407470703125,8.169479370117188,-0.29107666015625
1675434280894258700,3.2242587890625,4.258880615234375,8.145523071289062,-0.3293914794921875
1675434280904146400,3.234146484375,4.2205657958984375,8.076095581054688,-0.3353729248046875
1675434280914064600,3.244064697265625,4.21697998046875,8.073699951171875,-0.444305419921875
1675434280923952400,3.253952392578125,4.2361297607421875,8.132354736328125,-0.485015869140625
1675434280933840100,3.263840087890625,4.2325439453125,8.23052978515625,-0.4095916748046875
1675434280943727900,3.273727783203125,4.2325439453125,8.208969116210938,-0.3030548095703125
1675434280953615400,3.283615478515625,4.238525390625,8.157501220703125,-0.2384033203125
1675434280963503000,3.293503173828125,4.26007080078125,8.127578735351562,-0.2815093994140625
1675434280973390800,3.303390869140625,4.292388916015625,8.058135986328125,-0.3617095947265625
1675434280983278600,3.313278564453125,4.237335205078125,8.05096435546875,-0.469451904296875
1675434280993166300,3.323166259765625,4.2469024658203125,8.098846435546875,-0.5580291748046875
1675434281003084500,3.33308447265625,4.274444580078125,8.163482666015625,-0.571197509765625
1675434281012972300,3.34297216796875,4.3103485107421875,8.188629150390625,-0.517333984375
1675434281022859800,3.35285986328125,4.2816162109375,8.183837890625,-0.39044189453125
1675434281032747500,3.36274755859375,4.333099365234375,8.186233520507812,-0.301849365234375
1675434281042635300,3.37263525390625,4.3893585205078125,8.232925415039062,-0.252777099609375
1675434281052523000,3.38252294921875,4.450408935546875,8.225738525390625,-0.2444000244140625
1675434281062410800,3.39241064453125,4.50189208984375,8.192214965820312,-0.21087646484375
1675434281072298200,3.40229833984375,4.50189208984375,8.133560180664062,-0.2444000244140625
1675434281082186000,3.41218603515625,4.4731597900390625,8.1407470703125,-0.32818603515625
1675434281092104200,3.422104248046875,4.4947052001953125,8.147918701171875,-0.406005859375
1675434281101992000,3.431991943359375,4.475555419921875,8.159896850585938,-0.4299468994140625
1675434281111879700,3.441879638671875,4.44921875,8.149124145507812,-0.4191741943359375
1675434281121767400,3.451767333984375,4.4061126708984375,8.153915405273438,-0.40240478515625
1675434281131655000,3.461655029296875,4.36541748046875,8.170669555664062,-0.4036102294921875
1675434281141542700,3.471542724609375,4.311553955078125,8.1898193359375,-0.3748779296875
1675434281151430400,3.481430419921875,4.2636566162109375,8.19940185546875,-0.332977294921875
1675434281161318100,3.491318115234375,4.2301483154296875,8.1407470703125,-0.29705810546875
1675434281171206000,3.501205810546875,4.270843505859375,8.169479370117188,-0.2671356201171875
1675434281181093400,3.51109326171875,4.3187255859375,8.188629150390625,-0.29107666015625
1675434281191011800,3.52101171875,4.3354949951171875,8.149124145507812,-0.29705810546875
1675434281200899300,3.5308994140625,4.3462677001953125,8.145523071289062,-0.2982635498046875
1675434281210787000,3.540787109375,4.3522491455078125,8.159896850585938,-0.35333251953125
1675434281220674800,3.5506748046875,4.3510589599609375,8.187423706054688,-0.380859375
1675434281230562600,3.5605625,4.307952880859375,8.157501220703125,-0.3940277099609375
1675434281240450300,3.5704501953125,4.311553955078125,8.170669555664062,-0.416778564453125
1675434281250337800,3.580337890625,4.3354949951171875,8.19940185546875,-0.407196044921875
1675434281260225500,3.5902255859375,4.3881683349609375,8.1036376953125,-0.3557281494140625
1675434281270113300,3.60011328125,4.424072265625,8.06292724609375,-0.3377685546875
1675434281280001000,3.6100009765625,4.391754150390625,8.09405517578125,-0.428741455078125
1675434281289888800,3.619888671875,4.35943603515625,8.113204956054688,-0.5197296142578125
1675434281299807000,3.629806884765625,4.36541748046875,8.110809326171875,-0.49578857421875
1675434281309694500,3.639694580078125,4.323516845703125,8.109619140625,-0.4730377197265625
1675434281319582200,3.649582275390625,4.329498291015625,8.144332885742188,-0.38446044921875
1675434281329470000,3.659469970703125,4.3091583251953125,8.19342041015625,-0.3090362548828125
1675434281339357700,3.669357666015625,4.2792205810546875,8.1898193359375,-0.2886810302734375
1675434281349245400,3.679245361328125,4.32232666015625,8.170669555664062,-0.2707366943359375
1675434281359133000,3.6891328125,4.34027099609375,8.181442260742188,-0.2922821044921875
1675434281369020700,3.699020751953125,4.3474578857421875,8.16827392578125,-0.3186187744140625
1675434281378908400,3.708908447265625,4.3414764404296875,8.16827392578125,-0.3509368896484375
1675434281388826600,3.71882666015625,4.3462677001953125,8.186233520507812,-0.360504150390625
1675434281398714400,3.72871435546875,4.3510589599609375,8.176651000976562,-0.370086669921875
1675434281408602000,3.73860205078125,4.360626220703125,8.15869140625,-0.35931396484375
1675434281418489900,3.74848974609375,4.3809814453125,8.173065185546875,-0.379669189453125
1675434281428377300,3.75837744140625,4.4204864501953125,8.165878295898438,-0.413177490234375
1675434281438265000,3.76826513671875,4.397735595703125,8.164688110351562,-0.444305419921875
1675434281448152800,3.77815283203125,4.382171630859375,8.139541625976562,-0.4095916748046875
1675434281458040600,3.78804052734375,4.3797760009765625,8.12518310546875,-0.395233154296875
1675434281467928300,3.79792822265625,4.339080810546875,8.132354736328125,-0.4095916748046875
1675434281477846500,3.807846435546875,4.339080810546875,8.139541625976562,-0.395233154296875
1675434281487734000,3.817734130859375,4.333099365234375,8.129974365234375,-0.3521270751953125
1675434281497621800,3.827621826171875,4.3785858154296875,8.163482666015625,-0.3305816650390625
1675434281507509500,3.837509521484375,4.4061126708984375,8.146728515625,-0.34735107421875
1675434281517366800,3.84736669921875,4.412109375,8.153915405273438,-0.348541259765625
1675434281527285000,3.857284912109375,4.397735595703125,8.1527099609375,-0.3246002197265625
1675434281537172500,3.86717236328125,4.3271026611328125,8.159896850585938,-0.2719268798828125
1675434281547060200,3.877060302734375,4.30316162109375,8.179046630859375,-0.29705810546875
1675434281556948000,3.886947998046875,4.28521728515625,8.186233520507812,-0.3569183349609375
1675434281566835700,3.896835693359375,4.32830810546875,8.183837890625,-0.4526824951171875
1675434281576723500,3.906723388671875,4.3354949951171875,8.1407470703125,-0.47662353515625
1675434281586641700,3.9166416015625,4.329498291015625,8.120391845703125,-0.4191741943359375
1675434281596529400,3.926529296875,4.364227294921875,8.1156005859375,-0.364105224609375
1675434281606417000,3.9364169921875,4.36541748046875,8.155105590820312,-0.35333251953125
1675434281616304600,3.9463046875,4.3582305908203125,8.183837890625,-0.3521270751953125
1675434281626192400,3.9561923828125,4.366607666015625,8.150314331054688,-0.358123779296875
1675434281636080000,3.966080078125,4.36541748046875,8.161087036132812,-0.286285400390625
1675434281645968000,3.9759677734375,4.40252685546875,8.16827392578125,-0.2755126953125
1675434281655855400,3.98585546875,4.434844970703125,8.183837890625,-0.370086669921875
1675434281665773600,3.995773681640625,4.4731597900390625,8.171859741210938,-0.407196044921875
1675434281675661300,4.005661376953125,4.4216766357421875,8.12158203125,-0.39642333984375
1675434281685549000,4.015549072265625,4.345062255859375,8.107223510742188,-0.385650634765625
1675434281695436800,4.025436767578125,4.3043670654296875,8.132354736328125,-0.36529541015625
1675434281705324500,4.035324462890625,4.323516845703125,8.159896850585938,-0.3377685546875
1675434281715212000,4.0452119140625,4.4216766357421875,8.185028076171875,-0.3940277099609375
1675434281725099800,4.055099853515625,4.47076416015625,8.171859741210938,-0.413177490234375
1675434281734987500,4.064987548828125,4.4204864501953125,8.127578735351562,-0.36529541015625
1675434281744875300,4.074875244140625,4.3366851806640625,8.108413696289062,-0.3724822998046875
1675434281754763000,4.084762939453125,4.270843505859375,8.153915405273438,-0.38446044921875
1675434281764650800,4.094650634765625,4.2840118408203125,8.176651000976562,-0.3784637451171875
1675434281774569000,4.10456884765625,4.3067626953125,8.167083740234375,-0.3628997802734375
1675434281784456400,4.11445654296875,4.34027099609375,8.141937255859375,-0.3341827392578125
1675434281794344200,4.12434423828125,4.364227294921875,8.161087036132812,-0.2719268798828125
1675434281804232000,4.13423193359375,4.3354949951171875,8.20538330078125,-0.2407989501953125
1675434281814119700,4.14411962890625,4.3989410400390625,8.16827392578125,-0.274322509765625
1675434281824007400,4.15400732421875,4.42767333984375,8.147918701171875,-0.3126220703125
1675434281833895000,4.16389501953125,4.412109375,8.112014770507812,-0.3521270751953125
1675434281843782700,4.17378271484375,4.382171630859375,8.077301025390625,-0.3712921142578125
1675434281853670400,4.18367041015625,4.3989410400390625,8.102432250976562,-0.4084014892578125
1675434281863588600,4.193588623046875,4.4360504150390625,8.197006225585938,-0.4526824951171875
1675434281873476400,4.203476318359375,4.4432220458984375,8.258056640625,-0.3569183349609375
1675434281883364000,4.213364013671875,4.450408935546875,8.217361450195312,-0.3030548095703125
1675434281893251600,4.22325146484375,4.43365478515625,8.149124145507812,-0.295867919921875
